USE [master]
GO

CREATE DATABASE [trek]
GO
USE [trek]
GO


-- Drop tables in reverse order of creation due to foreign key dependencies
DROP TABLE IF EXISTS Character_Species;
DROP TABLE IF EXISTS Series_Character;
DROP TABLE IF EXISTS Character;
DROP TABLE IF EXISTS Species;
DROP TABLE IF EXISTS Actor;
DROP TABLE IF EXISTS Series;
DROP TABLE IF EXISTS Planet;

-- create tables
CREATE TABLE Series (
    Id INT PRIMARY KEY,
    Name NVARCHAR(255) NOT NULL
);

CREATE TABLE Actor (
    Id INT PRIMARY KEY,
    Name NVARCHAR(255) NOT NULL,
    [BirthYear] INT NOT NULL
);

CREATE TABLE Species (
    Id INT PRIMARY KEY,
    Name NVARCHAR(255) NOT NULL
);

CREATE TABLE Character (
    Id INT PRIMARY KEY,
    Name NVARCHAR(255) NOT NULL,
    ActorId INT NOT NULL,
    Stardate DECIMAL(10, 2),
    FOREIGN KEY (ActorId) REFERENCES Actor(Id)
);

CREATE TABLE Series_Character (
    SeriesId INT,
    CharacterId INT,
	Role VARCHAR(500),
    FOREIGN KEY (SeriesId) REFERENCES Series(Id),
    FOREIGN KEY (CharacterId) REFERENCES Character(Id),
    PRIMARY KEY (SeriesId, CharacterId)
);

CREATE TABLE Character_Species (
    CharacterId INT,
    SpeciesId INT,
    FOREIGN KEY (CharacterId) REFERENCES Character(Id),
    FOREIGN KEY (SpeciesId) REFERENCES Species(Id),
    PRIMARY KEY (CharacterId, SpeciesId)
);

CREATE TABLE Planet (
    PlanetId INT PRIMARY KEY,
    Name NVARCHAR(255) NOT NULL,
    Coodinates NVARCHAR(255) NOT NULL
);


-- create data
INSERT INTO Series (Id, Name) VALUES 
	(1, 'Star Trek'),
	(2, 'Star Trek: The Next Generation'),
	(3, 'Star Trek: Voyager'),
	(4, 'Star Trek: Deep Space Nine'),
	(5, 'Star Trek: Enterprise');

INSERT INTO Species (Id, Name) VALUES 
    (1, 'Human'),
    (2, 'Vulcan'),
    (3, 'Android'),
    (4, 'Klingon'),
    (5, 'Betazoid'),
    (6, 'Hologram'),
    (7, 'Bajoran'),
    (8, 'Changeling'),
    (9, 'Trill'),
    (10, 'Ferengi'),
    (11, 'Denobulan'),
    (12, 'Borg');

INSERT INTO Actor (Id, Name, [BirthYear]) VALUES 
    (1, 'William Shatner', 1931),
    (2, 'Leonard Nimoy', 1931),
    (3, 'DeForest Kelley', 1920),
    (4, 'James Doohan', 1920),
    (5, 'Nichelle Nichols', 1932),
    (6, 'George Takei', 1937),
    (7, 'Walter Koenig', 1936),
    (8, 'Patrick Stewart', 1940),
    (9, 'Jonathan Frakes', 1952),
    (10, 'Brent Spiner', 1949),
    (11, 'Michael Dorn', 1952),
    (12, 'Gates McFadden', 1949),
    (13, 'Marina Sirtis', 1955),
    (14, 'LeVar Burton', 1957),
    (15, 'Kate Mulgrew', 1955),
    (16, 'Robert Beltran', 1953),
    (17, 'Tim Russ', 1956),
    (18, 'Roxann Dawson', 1958),
    (19, 'Robert Duncan McNeill', 1964),
    (20, 'Garrett Wang', 1968),
    (21, 'Robert Picardo', 1953),
    (22, 'Jeri Ryan', 1968),
    (23, 'Avery Brooks', 1948),
    (24, 'Nana Visitor', 1957),
    (25, 'Rene Auberjonois', 1940),
    (26, 'Terry Farrell', 1963),
    (27, 'Alexander Siddig', 1965),
    (28, 'Armin Shimerman', 1949),
    (29, 'Cirroc Lofton', 1978),
    (30, 'Scott Bakula', 1954),
    (31, 'Jolene Blalock', 1975),
    (32, 'John Billingsley', 1960),
    (33, 'Connor Trinneer', 1969),
    (34, 'Dominic Keating', 1962),
    (35, 'Linda Park', 1978),
    (36, 'Anthony Montgomery', 1971);

INSERT INTO Character (Id, Name, ActorId, Stardate) VALUES 
    (1, 'James T. Kirk', 1, 2233.04),
    (2, 'Spock', 2, 2230.06),
    (3, 'Leonard McCoy', 3, 2227.00),
    (4, 'Montgomery Scott', 4, 2222.00),
    (5, 'Uhura', 5, 2233.00),
    (6, 'Hikaru Sulu', 6, 2237.00),
    (7, 'Pavel Chekov', 7, 2245.00),
    (8, 'Jean-Luc Picard', 8, 2305.07),
    (9, 'William Riker', 9, 2335.08),
    (10, 'Data', 10, 2336.00),
    (11, 'Worf', 11, 2340.00),
    (12, 'Beverly Crusher', 12, 2324.00),
    (13, 'Deanna Troi', 13, 2336.00),
    (14, 'Geordi La Forge', 14, 2335.02),
    (15, 'Kathryn Janeway', 15, 2336.05),
    (16, 'Chakotay', 16, 2329.00),
    (17, 'Tuvok', 17, 2264.00),
    (18, 'B''Elanna Torres', 18, 2349.00),
    (19, 'Tom Paris', 19, 2346.00),
    (20, 'Harry Kim', 20, 2349.00),
    (21, 'The Doctor', 21, 2371.00), -- Stardate of activation
    (22, 'Seven of Nine', 22, 2348.00),
    (23, 'Benjamin Sisko', 23, 2332.00),
    (24, 'Kira Nerys', 24, 2343.00),
    (25, 'Odo', 25, 2337.00), -- Approximate stardate of discovery
    (27, 'Jadzia Dax', 26, 2341.00),
    (28, 'Julian Bashir', 27, 2341.00),
    (29, 'Quark', 28, 2333.00),
    (30, 'Jake Sisko', 29, 2355.00),
    (31, 'Jonathan Archer', 30, 2112.00),
    (32, 'T''Pol', 31, 2088.00),
    (33, 'Phlox', 32, 2102.00),
    (34, 'Charles "Trip" Tucker III', 33, 2121.00),
    (35, 'Malcolm Reed', 34, 2117.00),
    (36, 'Hoshi Sato', 35, 2129.00),
    (37, 'Travis Mayweather', 36, 2126.00);

INSERT INTO Series_Character (SeriesId, CharacterId, Role) VALUES 
    (1, 1, 'Captain'), -- James T. Kirk in Star Trek
    (1, 2, 'Science Officer'), -- Spock in Star Trek
    (1, 3, 'Doctor'), -- Leonard McCoy in Star Trek
    (1, 4, 'Engineer'), -- Montgomery Scott in Star Trek
    (1, 5, 'Communications Officer'), -- Uhura in Star Trek
    (1, 6, 'Helmsman'), -- Hikaru Sulu in Star Trek
    (1, 7, 'Navigator'), -- Pavel Chekov in Star Trek
    (2, 8, 'Captain'), -- Jean-Luc Picard in Star Trek: The Next Generation
    (2, 9, 'First Officer'), -- William Riker in Star Trek: The Next Generation
    (2, 10, 'Operations Officer'),-- Data in Star Trek: The Next Generation
    (2, 11, 'Security Officer'),-- Worf in Star Trek: The Next Generation
    (2, 12, 'Doctor'),-- Beverly Crusher in Star Trek: The Next Generation
    (2, 13, 'Counselor'),-- Deanna Troi in Star Trek: The Next Generation
    (2, 14, 'Engineer'),-- Geordi La Forge in Star Trek: The Next Generation
    (3, 15, 'Captain'),-- Kathryn Janeway in Star Trek: Voyager
    (3, 16, 'First Officer'),-- Chakotay in Star Trek: Voyager
    (3, 17, 'Tactical Officer'),-- Tuvok in Star Trek: Voyager
    (3, 18, 'Engineer'),-- B'Elanna Torres in Star Trek: Voyager
    (3, 19, 'Helmsman'),-- Tom Paris in Star Trek: Voyager
    (3, 20, 'Operations Officer'),-- Harry Kim in Star Trek: Voyager
    (3, 21, 'Doctor'),-- The Doctor in Star Trek: Voyager
    (3, 22, 'Astrometrics Officer'),-- Seven of Nine in Star Trek: Voyager
    (4, 23, 'Commanding Officer'),-- Benjamin Sisko in Star Trek: Deep Space Nine
    (4, 24, 'First Officer'),-- Kira Nerys in Star Trek: Deep Space Nine
    (4, 25, 'Security Officer'),-- Odo in Star Trek: Deep Space Nine
    (4, 11, 'Strategic Operations Officer'),-- Worf in Star Trek: Deep Space Nine
    (4, 27, 'Science Officer'),-- Jadzia Dax in Star Trek: Deep Space Nine
    (4, 28, 'Doctor'),-- Julian Bashir in Star Trek: Deep Space Nine
    (4, 29, 'Bar Owner'),-- Quark in Star Trek: Deep Space Nine
    (4, 30, 'Civilian'),-- Jake Sisko in Star Trek: Deep Space Nine
    (5, 31, 'Captain'),-- Jonathan Archer in Star Trek: Enterprise
    (5, 32, 'Science Officer'),-- T'Pol in Star Trek: Enterprise
    (5, 33, 'Doctor'),-- Phlox in Star Trek: Enterprise
    (5, 34, 'Chief Engineer'),-- Charles "Trip" Tucker III in Star Trek: Enterprise
    (5, 35, 'Armory Officer'),-- Malcolm Reed in Star Trek: Enterprise
    (5, 36, 'Communications Officer'),-- Hoshi Sato in Star Trek: Enterprise
    (5, 37, 'Helmsman');-- Travis Mayweather in Star Trek: Enterprise

INSERT INTO Character_Species (CharacterId, SpeciesId) VALUES 
    (1, 1),  -- James T. Kirk is Human
    (2, 2),  -- Spock is Vulcan
    (2, 1),  -- Spock is also Human
    (3, 1),  -- Leonard McCoy is Human
    (4, 1),  -- Montgomery Scott is Human
    (5, 1),  -- Uhura is Human
    (6, 1),  -- Hikaru Sulu is Human
    (7, 1),  -- Pavel Chekov is Human
    (8, 1),  -- Jean-Luc Picard is Human
    (9, 1),  -- William Riker is Human
    (10, 3), -- Data is Android
    (11, 4), -- Worf is Klingon
    (12, 1), -- Beverly Crusher is Human
    (13, 1), -- Deanna Troi is Human
    (13, 5), -- Deanna Troi is also Betazoid
    (14, 1), -- Geordi La Forge is Human
    (15, 1), -- Kathryn Janeway is Human
    (16, 1), -- Chakotay is Human
    (17, 2), -- Tuvok is Vulcan
    (18, 1), -- B'Elanna Torres is Human
    (18, 4), -- B'Elanna Torres is also Klingon
    (19, 1), -- Tom Paris is Human
    (20, 1), -- Harry Kim is Human
    (21, 6), -- The Doctor is a Hologram
    (22, 1), -- Seven of Nine is Human
    (22, 12),-- Seven of Nine is also Borg
    (23, 1), -- Benjamin Sisko is Human
    (24, 7), -- Kira Nerys is Bajoran
    (25, 8), -- Odo is Changeling
    (27, 9), -- Jadzia Dax is Trill
    (28, 1), -- Julian Bashir is Human
    (29, 10),-- Quark is Ferengi
    (30, 1), -- Jake Sisko is Human
    (31, 1), -- Jonathan Archer is Human
    (32, 2), -- T'Pol is Vulcan
    (33, 11),-- Phlox is Denobulan
    (34, 1), -- Charles "Trip" Tucker III is Human
    (35, 1), -- Malcolm Reed is Human
    (36, 1), -- Hoshi Sato is Human
    (37, 1); -- Travis Mayweather is Human


INSERT INTO Planet (PlanetId, Name, Coodinates) VALUES 
    (1, 'Larkin', '346908,860630,646007'),
    (2, 'Kling', '906215,6740,68201'),
    (3, 'Cremin', '428109,708341,346073'),
    (4, 'Kulas', '595071,912206,915865'),
    (5, 'Hyatt', '846210,342266,415435'),
    (6, 'Grady', '191204,45414,753708'),
    (7, 'Glover', '557976,441807,343307'),
    (8, 'Wolff', '647559,701412,813646'),
    (9, 'Haley', '474056,347393,670392'),
    (10, 'Rempel', '298808,213419,551729'),
    (11, 'Koelpin', '524762,506790,322141'),
    (12, 'Kuhic', '245062,471279,914075'),
    (13, 'Sauer', '131498,395134,202215'),
    (14, 'Von', '487526,217911,323296'),
    (15, 'Gutkowski', '106922,375419,895944'),
    (16, 'Kohler', '663433,90109,506100'),
    (17, 'Reinger', '894694,32329,16961'),
    (18, 'Friesen', '241814,186825,97737'),
    (19, 'Nader', '790537,956403,756680'),
    (20, 'Paucek', '723272,269072,25526'),
    (21, 'Bogisich', '527732,561116,846593'),
    (22, 'Funk', '499197,896165,826219'),
    (23, 'Gerhold', '24098,368898,622119'),
    (24, 'Walker', '317474,87321,795598'),
    (25, 'Kerluke', '691,595444,589941'),
    (26, 'Effertz', '454318,666397,540376'),
    (27, 'Welch', '297398,569423,126944'),
    (28, 'Lemke', '461230,638882,578222'),
    (29, 'Smitham', '349893,809247,936675'),
    (30, 'Brakus', '243516,253676,227499'),
    (31, 'Zulauf', '206109,760815,223581'),
    (32, 'Swaniawski', '564706,174348,315317'),
    (33, 'Prosacco', '160805,322028,683723'),
    (34, 'Champlin', '679131,812792,632379'),
    (35, 'Stoltenberg', '20740,901920,955027'),
    (36, 'Ward', '769222,295096,794915'),
    (37, 'Howe', '790676,784268,573496'),
    (38, 'Lang', '150645,693281,191138'),
    (39, 'Rogahn', '367946,591412,6625'),
    (40, 'Powlowski', '442816,667460,379967'),
    (41, 'Casper', '254106,423727,370318'),
    (42, 'Conn', '955159,450394,158719'),
    (43, 'Lind', '176869,75341,81578'),
    (44, 'Heaney', '298648,297725,229307'),
    (45, 'Vandervort', '965899,838366,82240'),
    (46, 'Sauer', '600851,807090,552572'),
    (47, 'Koss', '130891,936708,759882'),
    (48, 'Bogisich', '806167,938875,418519'),
    (49, 'Hermann', '521954,831977,675668'),
    (50, 'Hegmann', '924778,655713,430056'),
    (51, 'Hayes', '625550,36396,331358'),
    (52, 'Blanda', '611704,849542,448366'),
    (53, 'Bernier', '362106,95612,727603'),
    (54, 'Mitchell', '585221,599529,522199'),
    (55, 'King', '871155,902794,8312'),
    (56, 'Auer', '690511,71001,730933'),
    (57, 'Ferry', '656821,728298,819641'),
    (58, 'Konopelski', '622057,883811,986234'),
    (59, 'Hagenes', '408310,741957,154888'),
    (60, 'Maggio', '475733,477267,855819'),
    (61, 'Grady', '488342,689662,725613'),
    (62, 'Rath', '211273,814069,768058'),
    (63, 'Walker', '309779,228653,474340'),
    (64, 'Bahringer', '647402,411605,649771'),
    (65, 'Luettgen', '305462,93366,418483'),
    (66, 'Tillman', '29901,981695,448164'),
    (67, 'Kris', '109377,417417,196140'),
    (68, 'Spinka', '444642,957743,971283'),
    (69, 'Huels', '46975,726963,530109'),
    (70, 'Abbott', '345387,20378,26721'),
    (71, 'Spinka', '960240,897217,156893'),
    (72, 'Huels', '409471,964250,662784'),
    (73, 'Zieme', '92187,600338,258993'),
    (74, 'Homenick', '58785,972414,251448'),
    (75, 'Lakin', '241499,247319,601178'),
    (76, 'Schimmel', '617930,924794,477782'),
    (77, 'Herman', '257370,80453,975009'),
    (78, 'Waelchi', '881495,648921,209163'),
    (79, 'Graham', '66645,575731,923164'),
    (80, 'Cole', '824803,54759,68824'),
    (81, 'Considine', '754633,199434,751076'),
    (82, 'Sporer', '698750,588915,335103'),
    (83, 'Blanda', '475515,23464,759351'),
    (84, 'Boyle', '419200,232865,224822'),
    (85, 'Barton', '419435,804857,136036'),
    (86, 'Harber', '989241,742345,115211'),
    (87, 'Kihn', '391175,973908,315723'),
    (88, 'Kub', '49250,118764,681843'),
    (89, 'Dibbert', '178496,456053,39223'),
    (90, 'Johnson', '173719,633478,653284'),
    (91, 'Ortiz', '745349,900448,444924'),
    (92, 'Stiedemann', '889570,111096,865884'),
    (93, 'Skiles', '350909,887719,713249'),
    (94, 'Aufderhar', '918723,739805,155884'),
    (95, 'Anderson', '84224,307811,453129'),
    (96, 'Reilly', '273193,852049,25312'),
    (97, 'Hermiston', '341620,572612,919572'),
    (98, 'Windler', '193642,806326,861727'),
    (99, 'Schaden', '151574,467582,583669'),
    (100, 'Bogisich', '297422,257178,553695'),
    (101, 'Goyette', '108024,481942,132145'),
    (102, 'Crooks', '405515,661898,268016'),
    (103, 'Kessler', '300169,26935,334272'),
    (104, 'Streich', '180349,928442,395261'),
    (105, 'Trantow', '875136,88172,516412'),
    (106, 'Halvorson', '191523,902738,640138'),
    (107, 'Little', '25993,927292,868372'),
    (108, 'Klein', '156137,67091,714866'),
    (109, 'Shields', '754115,173050,616818'),
    (110, 'Schiller', '719905,863781,951236'),
    (111, 'Parisian', '304596,480882,662978'),
    (112, 'Cummerata', '472054,995819,605607'),
    (113, 'Fadel', '72321,690369,213657'),
    (114, 'Durgan', '740765,236737,88557'),
    (115, 'DuBuque', '841803,587562,135538'),
    (116, 'Kris', '793526,816874,282554'),
    (117, 'Feest', '312069,507226,111793'),
    (118, 'Adams', '311624,604010,173395'),
    (119, 'Anderson', '136935,836690,12363'),
    (120, 'Rath', '239760,473431,72529'),
    (121, 'Bartell', '321685,645241,378821'),
    (122, 'Konopelski', '853433,505617,86281'),
    (123, 'Larson', '84493,411532,949447'),
    (124, 'Cole', '728244,473014,886196'),
    (125, 'Kuhlman', '198328,429900,854638'),
    (126, 'Wintheiser', '884027,598308,911507'),
    (127, 'Koss', '516974,202303,72315'),
    (128, 'Turner', '224374,377916,965526'),
    (129, 'Hills', '515033,105366,156538'),
    (130, 'Cormier', '438053,816787,379645'),
    (131, 'Schoen', '420946,594414,922806'),
    (132, 'Tromp', '654562,41052,283111'),
    (133, 'Reilly-42', '950494,524641,512313'),
    (134, 'Schroeder', '618793,107702,146146'),
    (135, 'Reilly', '733734,910510,948792'),
    (136, '21-21Conner', '433303,182205,293004'),
    (137, 'Quigley', '446006,581075,617310'),
    (138, 'Mueller', '316477,737911,49669'),
    (139, 'Homenick', '50256,48188,543882'),
    (140, 'Green', '675501,11415,813748'),
    (141, 'Kreiger', '919191,408394,953581'),
    (142, 'Price', '865603,155668,749579'),
    (143, 'Jaskolski', '959219,433161,414551'),
    (144, 'Legros', '867994,728514,373149'),
    (145, 'Ferry', '301410,216230,454086'),
    (146, 'Bins', '423741,660232,347444'),
    (147, 'Effertz', '474972,130772,759603'),
    (148, 'Marks', '563819,856532,47876'),
    (149, 'Reichert', '96762,472870,731939'),
    (150, 'Bailey', '228624,593271,840973'),
    (151, 'Greenfelder', '831495,209979,663659'),
    (152, 'Tillman', '323360,522126,513547'),
    (153, 'Hand', '675038,305141,988203'),
    (154, 'Koelpin', '557329,740261,52182'),
    (155, 'Gerlach', '60950,740998,224761'),
    (156, 'Rice', '396064,178974,843512'),
    (157, 'Brakus', '385285,692232,430781'),
    (158, 'Huels', '996575,348241,10117'),
    (159, 'Quigley', '375257,163748,241992'),
    (160, 'Emard', '996573,464127,889223'),
    (161, 'Wilderman', '617225,437862,895567'),
    (162, 'Gerlach', '868329,588605,164991'),
    (163, 'Hermiston', '420689,472980,963958'),
    (164, 'Kuhlman', '368510,106143,894274'),
    (165, 'Hara-pl23', '366467,560971,498032'),
    (166, 'Murray', '91346,118423,325166'),
    (167, 'Hansen', '295024,280065,84015'),
    (168, 'Huels', '498270,838419,262386'),
    (169, 'Metz', '851774,271916,117607'),
    (170, 'Williamson', '283407,584833,234359'),
    (171, 'Schinner', '527242,74282,974435'),
    (172, 'Ledner', '384282,522491,339629'),
    (173, 'Glover', '269473,589470,847295'),
    (174, 'Kertzmann', '966095,258096,861500'),
    (175, 'Kuphal', '112697,568770,963654'),
    (176, 'McKenzie', '504591,771409,858229'),
    (177, 'McCullough', '210594,367136,635851'),
    (178, 'Boyer', '988535,936073,369115'),
    (179, 'Sauer', '326613,701352,103886'),
    (180, 'Auer', '143987,801571,942515'),
    (181, 'Rutherford', '940435,814900,124108'),
    (182, 'Upton', '991124,826783,630727'),
    (183, 'Medhurst', '410415,618805,845505'),
    (184, 'Rau', '621179,646094,292089'),
    (185, 'Roob', '216052,392167,313002'),
    (186, 'Auer', '886639,243034,280579'),
    (187, 'Hartmann', '220355,65662,108990'),
    (188, 'Gleason', '154211,844435,354815'),
    (189, 'Hahn', '626254,191121,647829'),
    (190, 'Pollich', '647302,949428,591145'),
    (191, 'Hoppe', '736408,42173,686179'),
    (192, 'Hills', '90569,654479,160455'),
    (193, 'Parisian', '409264,348053,801012'),
    (194, 'Rolfson', '488569,925369,885894'),
    (195, 'Predovic', '534321,790708,688446'),
    (196, 'Walsh', '717794,365985,439468'),
    (197, 'Mann', '263990,534380,88382'),
    (198, 'Keeling', '998265,602398,108531'),
    (199, 'Gleichner', '801022,929191,280738'),
    (200, 'Sporer', '556855,910847,242831'),
    (201, 'Mann', '905206,428470,855479'),
    (202, 'Schoen', '43424,602994,822556'),
    (203, 'Prohaska', '305227,950426,155370'),
    (204, 'Stiedemann', '260982,665682,666016'),
    (205, 'Hilpert', '602704,120200,105742'),
    (206, 'Lynch', '566097,730397,682254'),
    (207, 'Schoen', '239522,534389,950798'),
    (208, 'Macejkovic', '644632,41428,140548'),
    (209, 'Mueller', '547877,122571,20257'),
    (210, 'Green', '510505,633310,522556'),
    (211, 'Olson', '711824,387498,124831'),
    (212, 'Beahan', '447029,251937,5641'),
    (213, 'Collins', '263175,910313,241763'),
    (214, 'Kertzmann', '805106,686642,999778'),
    (215, 'Daniel', '746216,48614,566636'),
    (216, 'Lang', '652196,263178,56253'),
    (217, 'Gislason', '809879,531896,308717'),
    (218, 'Conn', '645426,376692,859918'),
    (219, 'Wisozk', '597644,444746,844365'),
    (220, 'Daugherty', '605566,634416,359837'),
    (221, 'Yundt', '528749,815458,296203'),
    (222, 'Rice', '799664,703892,818366'),
    (223, 'Stoltenberg', '122792,845446,543109'),
    (224, 'Koepp', '66675,13523,8799'),
    (225, 'Kirlin', '331245,861031,237959'),
    (226, 'Volkman', '943219,867229,489914'),
    (227, 'Torphy', '50396,272369,839011'),
    (228, 'Hessel', '842277,821179,569243'),
    (229, 'Brown', '688777,579050,980285'),
    (230, 'Smith', '966974,321934,464135'),
    (231, 'Breitenberg', '713529,447482,15620'),
    (232, 'Schmidt', '833582,398027,902719'),
    (233, 'McDermott', '435947,395719,847354'),
    (234, 'Rodriguez', '396457,444703,44366'),
    (235, 'Olson', '325544,409720,683923'),
    (236, 'Legros', '864881,458006,18959'),
    (237, 'Gutkowski', '276203,431309,773114'),
    (238, 'Kuhlman', '33238,172061,481672'),
    (239, 'Altenwerth', '396896,131972,201604'),
    (240, 'Kunze', '851609,689935,52901'),
    (241, 'Hara-rf333', '369650,254890,924413'),
    (242, 'King', '973825,824708,715343'),
    (243, 'Frami', '534685,318766,511194'),
    (244, 'Lynch', '638010,936840,241106'),
    (245, 'Gaylord', '428523,714007,523776'),
    (246, 'Jacobson', '624913,415096,550884'),
    (247, 'Gislason', '914046,838042,347639'),
    (248, 'Gleason', '243100,548628,809909'),
    (249, 'Nicolas', '356819,31556,157646'),
    (250, 'Monahan', '533592,572400,327787'),
    (251, 'Klein', '715966,529039,952939'),
    (252, 'Ratke', '660867,924417,371302'),
    (253, 'Koelpin', '890866,946080,67215'),
    (254, 'Conn', '166159,650627,27455'),
    (255, 'Wilkinson', '704006,660528,532512'),
    (256, 'Collins', '477070,450858,975'),
    (257, 'Yost', '508856,875584,200437'),
    (258, 'Moen', '779194,631114,721931'),
    (259, 'Steuber', '386220,72282,686308'),
    (260, 'Boyer', '462156,836412,603018'),
    (261, 'Zboncak', '466741,887583,373619'),
    (262, 'Gulgowski', '481413,672307,469450'),
    (263, 'Quigley', '4102,203092,905984'),
    (264, 'Swaniawski', '39889,192004,974425'),
    (265, 'Gleason', '528065,966882,205616'),
    (266, 'Schaden', '723981,764847,680861'),
    (267, 'Gerlach', '224150,211092,751382'),
    (268, 'Botsford', '964318,931580,492397'),
    (269, 'Stroman', '57510,542882,669042'),
    (270, 'McKenzie', '77239,703956,504644'),
    (271, 'Smith', '406135,494245,602353'),
    (272, 'Mayer', '725129,848866,816234'),
    (273, 'Dickinson', '97857,421200,567809'),
    (274, 'Kunze', '630796,817736,265649'),
    (275, 'Prohaska', '206722,113867,72869'),
    (276, 'Glover', '920924,375573,741873'),
    (277, 'Bins', '710694,38391,815555'),
    (278, 'Kuphal', '522961,384939,187869'),
    (279, 'Senger', '462238,369066,379148'),
    (280, 'Fay', '162495,104759,534622'),
    (281, 'Hirthe', '394857,557166,996021'),
    (282, 'Littel', '363771,997123,236798'),
    (283, 'Fisher', '277234,967149,382765'),
    (284, 'Windler', '631087,234324,915625'),
    (285, 'Bartell', '752371,529833,865407'),
    (286, 'Pfannerstill', '33312,319229,671255'),
    (287, 'Ratke', '233331,743701,33036'),
    (288, 'Gibson', '438588,35913,539399'),
    (289, 'Brakus', '579244,697585,875463'),
    (290, 'Hickle', '379552,198755,708749'),
    (291, 'Ratke', '801592,575782,219772'),
    (292, 'Luettgen', '2174,224498,193021'),
    (293, 'Farrell', '453441,348586,477364'),
    (294, 'Nader', '239352,847883,341972'),
    (295, 'Blanda', '885911,283103,309787'),
    (296, 'Mraz', '964087,975067,801185'),
    (297, 'Flatley', '427750,280803,384127'),
    (298, 'Watsica', '358860,551867,651010'),
    (299, 'Lueilwitz', '821083,151837,885146'),
    (300, 'Koch', '99457,115443,710744'),
    (301, 'Altenwerth', '550680,805121,808289'),
    (302, 'Borer', '558548,906737,862611'),
    (303, 'Renner', '355613,799834,477847'),
    (304, 'Boyer', '888968,88680,749484'),
    (305, 'Shanahan', '774596,978450,128062'),
    (306, 'Reichert', '840370,259519,869054'),
    (307, 'Turcotte', '697576,923747,811578'),
    (308, 'Bogisich', '962736,884443,976172'),
    (309, 'Russel', '572358,300953,69391'),
    (310, 'Cronin', '166778,711184,682774'),
    (311, 'Lebsack', '418192,652766,577888'),
    (312, 'Macejkovic', '74020,554561,664648'),
    (313, 'Reynolds', '402352,58622,682933'),
    (314, 'Cartwright', '987380,989374,168464'),
    (315, 'Greenfelder', '936067,906715,392426'),
    (316, 'Nicolas', '95159,775096,768625'),
    (317, 'Kovacek', '823662,707378,524090'),
    (318, 'McKenzie', '19290,590518,659747'),
    (319, 'Berge', '295677,607049,303179'),
    (320, 'Dibbert', '681630,310029,827554'),
    (321, 'Conroy', '259099,79175,685162'),
    (322, 'Turner', '201510,855166,783088'),
    (323, 'McCullough', '132490,778229,222899'),
    (324, 'Gibson', '318759,47974,425855'),
    (325, 'Nolan', '884141,106719,735363'),
    (326, 'Hilll', '30472,76634,713114'),
    (327, 'Schroeder', '398874,619521,825329'),
    (328, 'Hoeger', '686195,980859,609530'),
    (329, 'Murazik', '79162,249411,375701'),
    (330, 'Armstrong', '89934,864510,269661'),
    (331, 'Wisozk', '924290,941106,455526'),
    (332, 'Flatley', '367620,399686,744653'),
    (333, 'Friesen', '181194,660083,303463'),
    (334, 'Marvin', '574666,460912,112544'),
    (335, 'Deckow', '366060,873328,505241'),
    (336, 'McCullough', '29837,402756,896788'),
    (337, 'Corwin', '168699,596860,180901'),
    (338, 'Bernhard', '672272,409871,553161'),
    (339, 'Aufderhar', '837057,766866,442352'),
    (340, 'Borer', '621107,472055,444214'),
    (341, 'Zulauf', '874867,577627,199138'),
    (342, 'Balistreri', '677396,34618,51373'),
    (343, 'Mosciski', '136868,193236,649924'),
    (344, 'Emmerich', '359270,687671,938659'),
    (345, 'Lebsack', '44318,303896,72361'),
    (346, 'Russel', '218786,675306,575430'),
    (347, 'Russel', '106923,283832,737855'),
    (348, 'Schowalter', '18561,23179,561358'),
    (349, 'Trantow', '429114,506052,707121'),
    (350, 'Klein', '203618,870677,474233'),
    (351, 'Collier', '545488,562651,932480'),
    (352, 'Kris', '759947,336556,660361'),
    (353, 'Cormier', '828207,920817,45048'),
    (354, 'Hamill', '399694,673454,780403'),
    (355, 'Dooley', '2197,427815,919189'),
    (356, 'Huels', '296763,243573,599689'),
    (357, 'Bruen', '631877,755918,787491'),
    (358, 'Stehr', '980549,486449,317917'),
    (359, 'Daniel', '829662,938279,225272'),
    (360, '23-Kon', '742825,96394,11377'),
    (361, 'Russel', '623471,588468,979591'),
    (362, 'Boyle', '978130,244147,494311'),
    (363, 'Roob', '725649,507560,450014'),
    (364, 'Ryan', '951487,80670,837318'),
    (365, 'Gutkowski', '962962,818790,847159'),
    (366, 'Abernathy', '549065,807144,168837'),
    (367, 'Heaney', '602901,871407,487549'),
    (368, 'Koepp', '448183,124269,456736'),
    (369, 'Ullrich', '416438,148824,770093'),
    (370, 'Quitzon', '263981,501946,135560'),
    (371, 'Howell', '261607,31832,127569'),
    (372, 'Kozey', '36436,542113,222153'),
    (373, 'Rohan', '100961,923357,693172'),
    (374, 'Walsh', '249234,7348,221302'),
    (375, 'Schumm', '419632,637834,494842'),
    (376, 'Breitenberg', '756598,32897,307477'),
    (377, 'Mills', '50824,544211,359365'),
    (378, 'Schmitt', '310576,129025,37934'),
    (379, 'Koepp', '683231,459429,742421'),
    (380, 'Larson', '679576,695846,305323'),
    (381, 'Beier', '649255,738555,360453'),
    (382, 'Leffler', '431097,532701,656569'),
    (383, 'Jast', '927522,953766,288662'),
    (384, 'Murazik', '7105,28837,631133'),
    (385, 'Fay', '724354,526188,422167'),
    (386, 'Kulas', '182748,419489,438418'),
    (387, 'Witting', '885423,232156,240804'),
    (388, 'Schamberger', '264927,704068,136751'),
    (389, 'Reilly', '332512,434054,457467'),
    (390, 'Auer', '672444,782651,170284'),
    (391, 'Leannon', '887642,950275,875142'),
    (392, 'Hermiston', '840362,411787,453912'),
    (393, 'Keefe-f-23', '828296,513711,792879'),
    (394, 'Cremin', '273679,813098,878040'),
    (395, 'Fay', '300138,388516,639402'),
    (396, 'Dooley', '291898,866764,144164'),
    (397, 'Fadel', '817015,564876,293636'),
    (398, 'Marvin', '571370,613090,556266'),
    (399, 'Weissnat', '355905,904044,604582'),
    (400, 'Feeney', '544346,81609,131575'),
    (401, 'Krajcik', '778243,586409,961508'),
    (402, 'Rolfson', '911188,983363,450107'),
    (403, 'Leannon', '556014,227701,717904'),
    (404, 'Graham', '143249,971342,226225'),
    (405, 'Aufderhar', '806111,651687,539794'),
    (406, 'Gorczany', '118151,880861,83025'),
    (407, 'Emard', '957444,851176,797483'),
    (408, 'Hills', '208516,645567,685420'),
    (409, 'Erdman', '256942,165766,420698'),
    (410, 'Purdy', '905256,392948,312266'),
    (411, 'Skiles', '114769,774222,17037'),
    (412, 'Heathcote', '895185,272339,798454'),
    (413, 'Hoppe', '677819,583704,426361'),
    (414, 'Trantow', '541814,856088,355486'),
    (415, 'Treutel', '503385,746302,793770'),
    (416, 'Beier', '185880,80473,310897'),
    (417, 'Vandervort', '542280,499375,26986'),
    (418, 'Wolff', '550644,520737,115622'),
    (419, 'Jerde', '339422,706141,160718'),
    (420, 'Heathcote', '863825,739354,320021'),
    (421, 'Pfannerstill', '52723,412921,691815'),
    (422, 'Muller', '219206,792761,676715'),
    (423, 'Jacobs', '810279,523316,202103'),
    (424, 'Cronin', '599177,252254,647773'),
    (425, 'Barton', '463326,106590,801389'),
    (426, 'Hyatt', '245353,820970,833918'),
    (427, 'Crona', '468082,13198,553237'),
    (428, 'Smith', '695371,11559,33558'),
    (429, 'Runolfsdottir', '426282,108666,7290'),
    (430, 'Rutherford', '388657,686085,691241'),
    (431, 'Rohan', '822660,626133,167204'),
    (432, 'Balistreri', '318635,956668,813986'),
    (433, 'Bogisich', '58369,126421,880602'),
    (434, 'Rosenbaum', '937964,924210,439753'),
    (435, 'Feeney', '579003,534733,156730'),
    (436, 'DuBuque', '239524,841042,705482'),
    (437, 'Schmeler', '489759,438072,732672'),
    (438, 'Kulas', '244965,874814,645640'),
    (439, 'Sanford', '415349,51872,573150'),
    (440, 'Mosciski', '653766,806589,838447'),
    (441, 'Langosh', '199212,466070,777304'),
    (442, 'Marks', '130956,276322,826065'),
    (443, 'Kuvalis', '668912,775536,193956'),
    (444, 'Stehr', '529355,485233,509995'),
    (445, 'Wunsch', '920651,368483,537570'),
    (446, 'Thompson', '223996,323474,842202'),
    (447, 'Deckow', '480781,103362,341886'),
    (448, 'Torphy', '351060,820532,577986'),
    (449, 'Rutherford', '696286,645316,6797'),
    (450, 'Rutherford', '63739,136532,667765'),
    (451, 'Effertz', '612006,230601,821599'),
    (452, 'Kovacek', '680858,791716,247886'),
    (453, 'Ward', '541876,591532,698569'),
    (454, 'Graham', '269019,957884,287419'),
    (455, 'Terry', '623867,593749,88170'),
    (456, 'Barrows', '934436,939972,151012'),
    (457, 'Stanton', '197551,421542,157638'),
    (458, 'Torp', '478436,736540,917879'),
    (459, 'Sawayn', '700717,324134,268557'),
    (460, 'Zemlak', '501875,372774,502696'),
    (461, 'Pfeffer', '855476,411770,344218'),
    (462, 'Rowe', '121963,292703,503395'),
    (463, 'Ritchie', '357898,131060,149587'),
    (464, 'Kovacek', '48363,640171,279001'),
    (465, 'Osinski', '79590,973219,271878'),
    (466, 'Gerlach', '634079,363847,451680'),
    (467, 'Schneider', '673652,914450,584566'),
    (468, 'Welch', '689328,294024,373863'),
    (469, 'Fritsch', '91053,399105,172118'),
    (470, 'Ledner', '595754,391484,726417'),
    (471, 'Turner', '918147,419237,526141'),
    (472, 'Heidenreich', '586954,447891,735756'),
    (473, 'Beier', '45134,596523,913805'),
    (474, 'Lehner', '100897,243381,54986'),
    (475, 'Kulas', '960089,538882,85876'),
    (476, 'Durgan', '708136,558509,49074'),
    (477, 'Bergnaum', '757197,898493,378936'),
    (478, 'hkuhfgef', '468053,756334,76280'),
    (479, 'Pfeffer', '246802,367029,341169'),
    (480, 'Emard', '837705,104304,218382'),
    (481, 'Fahey', '178694,524019,899751'),
    (482, 'Bosco', '380218,845206,150197'),
    (483, 'Stamm', '344119,680489,562577'),
    (484, 'Bednar', '305609,518905,196712'),
    (485, 'Hessel', '370163,462267,590179'),
    (486, 'Pfeffer', '68956,86499,592493'),
    (487, 'Green', '520243,225700,281854'),
    (488, 'Rice', '902211,840143,653924'),
    (489, 'Steuber', '320500,860113,28820'),
    (490, 'Denesik', '658757,956268,683656'),
    (491, 'Veum', '748296,531263,305139'),
    (492, 'Schaefer', '193757,19407,382497'),
    (493, 'Rempel', '170317,981530,844679'),
    (494, 'Hirthe', '514125,529921,156806'),
    (495, 'Bosco', '931526,610952,572562'),
    (496, 'Crist', '563352,416329,945460'),
    (497, 'Labadie', '26565,706792,736372'),
    (498, 'Kilback', '490086,12596,700881'),
    (499, 'Jerde', '778611,678189,940164'),
    (500, 'Lind', '781360,804929,95043'),
    (501, 'Kutch', '843203,553958,563551'),
    (502, 'Waelchi', '995464,278486,341660'),
    (503, 'Schamberger', '703308,936624,252591'),
    (504, 'Beahan', '383706,529138,348638'),
    (505, 'Hartmann', '585802,801163,760999'),
    (506, 'Kuhlman', '283034,937002,237811'),
    (507, 'Crona', '280649,430784,596827'),
    (508, 'Smith', '589757,619113,310834'),
    (509, 'Cassin', '515910,71726,311315'),
    (510, 'Altenwerth', '852777,24780,508511'),
    (511, 'Rogahn', '365132,945793,742187'),
    (512, 'Lueilwitz', '760004,653076,30189'),
    (513, 'Fritsch', '329551,608196,951890'),
    (514, 'Wuckert', '43930,608078,217802'),
    (515, 'Ullrich', '316147,405830,640033'),
    (516, 'Mann', '681659,505724,200823'),
    (517, 'Boehm', '625791,125995,531895'),
    (518, 'Hahn', '217824,339243,479190'),
    (519, 'MacGyver', '292653,12921,121833'),
    (520, 'Hauck', '194815,684350,397717'),
    (521, 'Murazik', '400595,347355,506386'),
    (522, 'Wunsch', '667223,330637,82667'),
    (523, 'Upton', '853923,405114,693248'),
    (524, 'King', '384746,943829,66420'),
    (525, 'Stokes', '744970,657993,927670'),
    (526, 'Nader', '121182,718209,31649'),
    (527, 'Zboncak', '129006,390867,687544'),
    (528, 'Bartell', '486245,880561,711386'),
    (529, 'Murray', '8113,12460,164086'),
    (530, 'Harvey', '999338,219263,416971'),
    (531, 'Grimes', '43328,624062,458056'),
    (532, 'Schulist', '645995,32243,176277'),
    (533, 'Heidenreich', '946501,262425,592270'),
    (534, 'Leuschke', '756679,763707,506391'),
    (535, 'Parker', '315706,516078,852554'),
    (536, 'Gorczany', '643092,51658,421587'),
    (537, 'Wiza', '693727,61452,438836'),
    (538, 'Hintz', '779744,732114,860069'),
    (539, 'Leffler', '241022,632516,590682'),
    (540, 'Kuphal', '260153,218939,344312'),
    (541, 'Boyer', '214591,338722,84508'),
    (542, 'Fadel', '288291,174565,875117'),
    (543, 'Frami', '506068,481700,18599'),
    (544, 'Kub', '366708,140615,652061'),
    (545, 'Zemlak', '202476,484694,118984'),
    (546, 'McDermott', '593407,803990,569079'),
    (547, 'Emard', '402355,66562,295800'),
    (548, 'Casper', '173025,9273,422234'),
    (549, 'Boyer', '171766,755791,61766'),
    (550, 'Gutmann', '967149,197766,685071'),
    (551, 'Leannon', '186335,194431,866218'),
    (552, 'Gulgowski', '713516,376810,159001'),
    (553, 'Bradtke', '980455,599012,294643'),
    (554, 'Ryan', '99955,759768,503356'),
    (555, 'Jenkins', '769642,870121,821466'),
    (556, 'Ernser', '878764,750953,71381'),
    (557, 'Kunze', '59466,921831,311494'),
    (558, 'Monahan', '78849,347691,24521'),
    (559, 'Abshire', '799623,599820,398210'),
    (560, 'Jacobi', '937772,271035,500871'),
    (561, 'Balistreri', '907561,195393,143709'),
    (562, 'Marvin', '714629,646775,996812'),
    (563, 'Jenkins', '252436,651165,534729'),
    (564, 'Boyer', '376300,463342,640399'),
    (565, 'Kerluke', '123051,369422,238578'),
    (566, 'Schiller', '65316,548085,21559'),
    (567, 'Nader', '574492,289934,975835'),
    (568, 'Kutch', '361559,104380,472828'),
    (569, 'Kuphal', '369250,795921,314169'),
    (570, 'Paucek', '607245,497368,782166'),
    (571, 'Jerde', '925018,899496,358481'),
    (572, 'Keebler', '812961,927491,628410'),
    (573, 'Hauck', '959421,962829,275926'),
    (574, 'Mante', '32457,709186,960229'),
    (575, 'Hessel', '173835,510944,999519'),
    (576, 'Kassulke', '670939,496678,50440'),
    (577, 'Cormier', '178338,36122,727778'),
    (578, 'McClure', '149174,957027,828135'),
    (579, 'Muller', '587255,825887,866665'),
    (580, 'Cummerata', '189604,593875,819803'),
    (581, 'ffffff', '661523,639554,540713'),
    (582, 'Jacobi', '828453,904477,466150'),
    (583, 'Olson', '835691,954691,509536'),
    (584, 'Boyer', '497848,357471,741751'),
    (585, 'Keebler', '849057,210425,249346'),
    (586, 'Sanford', '199714,48031,187108'),
    (587, 'Abernathy', '134694,650243,981095'),
    (588, 'DuBuque', '842521,794411,169873'),
    (589, 'McClure', '691140,352519,763172'),
    (590, 'Bartell', '955964,651710,319603'),
    (591, 'Goodwin', '569971,67715,744688'),
    (592, 'Dickinson', '447492,731833,127835'),
    (593, 'Fay', '84137,438325,316762'),
    (594, 'Wuckert', '344529,42963,447288'),
    (595, 'Morar', '452447,538320,264036'),
    (596, 'Daugherty', '923382,259581,817542'),
    (597, 'Bauch', '784819,929575,405162'),
    (598, 'Considine', '594298,710366,472376'),
    (599, 'Donnelly', '890822,975484,206869'),
    (600, 'Cole', '303343,992626,554902'),
    (601, 'Jacobson', '522409,751310,122433'),
    (602, 'Jakubowski', '477649,190693,235431'),
    (603, 'earth2', '905231,149681,578938'),
    (604, 'Johnson', '387675,141393,350478'),
    (605, 'Hagenes', '250173,703408,409662'),
    (606, 'Larson', '326672,982505,635486'),
    (607, 'Hintz', '965948,119416,88357'),
    (608, 'Hills', '836094,315289,310150'),
    (609, 'Koelpin', '983418,861174,655801'),
    (610, 'D-2-Amore', '137149,413346,563631'),
    (611, 'Mertz', '694145,756984,240097'),
    (612, 'Kilback', '131428,54731,809672'),
    (613, 'Rohan', '625006,896478,881826'),
    (614, 'Miller', '582965,36986,76190'),
    (615, 'Lindgren', '115824,748662,438248'),
    (616, 'Herzog', '102336,866386,812083'),
    (617, 'McLaughlin', '839531,119119,434227'),
    (618, 'Legros', '485591,178407,173242'),
    (619, 'Smith', '139777,815535,823771'),
    (620, 'Marks', '742409,190869,242343'),
    (621, 'Veum', '309743,338927,744038'),
    (622, 'Weimann', '433463,710214,876855'),
    (623, 'West', '784985,115899,56248'),
    (624, 'Howell', '975098,205398,491790'),
    (625, 'Shields', '944900,650154,605086'),
    (626, 'Anderson', '620504,283172,263840'),
    (627, 'King', '723237,45000,460158'),
    (628, 'Runolfsson', '213215,506502,797494'),
    (629, 'Walsh', '506319,527030,48491'),
    (630, 'Runolfsdottir', '122349,872468,156480'),
    (631, 'Christiansen', '242264,487795,741515'),
    (632, 'Hills', '122159,784755,861727'),
    (633, 'Watsica', '323745,996012,624787'),
    (634, 'Bosco', '585783,230035,290714'),
    (635, 'Balistreri', '75088,297438,216379'),
    (636, 'Howell', '250057,109426,733218'),
    (637, 'Gottlieb', '318405,131293,882166'),
    (638, 'King', '156907,728381,705410'),
    (639, 'Bins', '493675,475770,770045'),
    (640, 'Cole', '541657,894147,324442'),
    (641, 'Wehner', '183273,525778,443685'),
    (642, 'Emmerich', '881714,705240,339172'),
    (643, 'Gorczany', '236316,21921,688322'),
    (644, 'Shanahan', '656089,768016,879259'),
    (645, 'Cole', '754577,463031,51288'),
    (646, 'Zboncak', '902589,413658,777472'),
    (647, 'Mertz', '290602,552354,598579'),
    (648, 'Brown', '459989,158006,484913'),
    (649, 'Davis', '972996,277897,205191'),
    (650, 'Reilly', '665741,516016,396769'),
    (651, 'Morar', '792121,605882,211754'),
    (652, 'Collier', '40060,880499,416343'),
    (653, 'Reinger', '596510,637208,378132'),
    (654, 'Block', '842860,333576,35893'),
    (655, 'Russel', '748306,848321,926600'),
    (656, 'Harber', '106661,229160,816296'),
    (657, 'Block', '537007,507382,851914'),
    (658, 'Hodkiewicz', '562826,154982,467097'),
    (659, 'Ferry', '66263,438122,198745'),
    (660, 'Gulgowski', '201905,642485,555304'),
    (661, 'Jast', '136011,872920,513503'),
    (662, 'Senger', '779873,406288,338080'),
    (663, 'Nikolaus', '242005,435575,975972'),
    (664, 'Schumm', '589416,67408,506504'),
    (665, 'Maggio', '789585,133444,597980'),
    (666, 'Lemke', '28586,38151,162833'),
    (667, 'Kiehn', '170111,139572,12364'),
    (668, 'Jakubowski', '134832,739185,567711'),
    (669, 'Breitenberg', '293017,516497,193350'),
    (670, 'Feest', '715656,993515,298437'),
    (671, 'Christiansen', '169302,212494,136188'),
    (672, 'Champlin', '179009,649677,649145'),
    (673, 'Zulauf', '931617,635783,507121'),
    (674, 'Bernhard', '44506,22627,381517'),
    (675, 'Boyle', '710087,71975,652670'),
    (676, 'Nikolaus', '393924,933341,504590'),
    (677, 'Kuvalis', '867864,870152,524403'),
    (678, 'Bins', '874057,272764,847305'),
    (679, 'Schinner', '835006,467261,363376'),
    (680, 'Schumm', '901962,35582,262520'),
    (681, 'Lebsack', '490426,13509,473121'),
    (682, 'Kutch', '232064,499250,61316'),
    (683, 'Glover', '134980,95491,523653'),
    (684, 'Nolan', '340845,658135,736795'),
    (685, 'Feil', '707904,633368,259386'),
    (686, 'Hagenes', '125274,576227,124797'),
    (687, 'Okuneva', '788478,711051,233454'),
    (688, 'Mayert', '659251,565425,195897'),
    (689, 'Padberg', '809454,132236,149876'),
    (690, 'Hoeger', '460220,5542,270756'),
    (691, 'Hills', '808837,254013,937938'),
    (692, 'Satterfield', '749111,203623,455226'),
    (693, 'Dare', '730466,127415,108188'),
    (694, 'Glover', '776196,953662,395160'),
    (695, 'Volkman', '888711,814267,710570'),
    (696, 'Lebsack', '265796,484071,611139'),
    (697, 'Marks', '899593,849147,834228'),
    (698, 'Durgan', '508259,356380,775740'),
    (699, 'Prosacco', '362612,890771,500020'),
    (700, 'Swaniawski', '638289,346229,909742'),
    (701, 'McDermott', '255825,56583,846778'),
    (702, 'Lemke', '457238,927302,898309'),
    (703, 'Steuber', '737076,235677,491704'),
    (704, 'Oberbrunner', '294972,749743,102819'),
    (705, 'Hane', '642873,368384,878974'),
    (706, 'Tromp', '369395,246617,668612'),
    (707, 'Hintz', '351674,405825,905982'),
    (708, 'Torp', '453642,523899,275910'),
    (709, 'Littel', '904524,125714,265188'),
    (710, 'Durgan', '637292,79303,112317'),
    (711, 'Witting', '950837,978435,471533'),
    (712, 'Goldner', '864676,129788,407391'),
    (713, 'Moore', '787952,175255,228388'),
    (714, 'Glover', '467255,9780,215462'),
    (715, 'Altenwerth', '387971,472692,180163'),
    (716, 'Bechtelar', '21321,12885,402151'),
    (717, 'Effertz', '959766,949221,741429'),
    (718, 'Dach', '484555,893605,687473'),
    (719, 'Maggio', '256067,906684,949125'),
    (720, 'Hudson', '775084,396030,509410'),
    (721, 'Ernser', '998434,293113,97473'),
    (722, 'Gottlieb', '295512,6006,75228'),
    (723, 'Tremblay', '910252,255980,821242'),
    (724, 'Cruickshank', '899140,60905,950970'),
    (725, 'Wehner', '576285,258357,312815'),
    (726, 'Von', '388358,238134,128314'),
    (727, 'Tremblay', '487781,664817,13838'),
    (728, 'MacGyver', '60654,824502,234125'),
    (729, 'Zemlak', '963282,958275,52979'),
    (730, 'Rempel', '915412,123763,917665'),
    (731, 'Wilkinson', '873993,846684,259005'),
    (732, 'Fay', '72363,522873,664430'),
    (733, 'Dietrich', '955714,11174,814674'),
    (734, 'Larson', '83216,593955,833528'),
    (735, 'Rowe', '164799,203126,790606'),
    (736, 'Murray', '992167,514658,834091'),
    (737, 'Bogan', '21856,829302,201318'),
    (738, 'Weissnat', '7926,222763,22541'),
    (739, 'Kling', '340691,359054,41462'),
    (740, 'Littel', '979128,899738,821983'),
    (741, 'Wintheiser', '387,818675,604856'),
    (742, 'Beatty', '9829,717397,908724'),
    (743, 'Hills', '124748,292678,563408'),
    (744, 'Rath', '333157,286971,961594'),
    (745, 'Herzog', '12593,173255,206721'),
    (746, 'Flatley', '321555,723566,187238'),
    (747, 'Reynolds', '988632,362153,176037'),
    (748, 'Reilly', '552493,291854,781171'),
    (749, 'Gleason', '381142,825699,630308'),
    (750, 'Daniel', '909801,784611,75922'),
    (751, 'Haag', '920577,831991,816117'),
    (752, 'Rau', '659354,310255,119366'),
    (753, 'Becker', '397459,682126,529082'),
    (754, 'Schoen', '693017,578923,643352'),
    (755, 'Gorczany', '631437,871905,60848'),
    (756, 'Lune-21', '541361,184563,816833'),
    (757, 'Sipes', '511507,298348,331144'),
    (758, 'Lang', '656662,788101,449534'),
    (759, 'Farrell', '97333,902262,322483'),
    (760, 'Kuhn', '907448,471990,73597'),
    (761, 'Pagac', '242787,122316,326703'),
    (762, 'Strosin', '762772,975297,572043'),
    (763, 'Schmitt', '182347,353488,542055'),
    (764, 'Bashirian', '723763,428246,763097'),
    (765, 'Rippin', '15158,983223,203741'),
    (766, 'Hessel', '979110,611908,397058'),
    (767, 'Monahan', '232592,301101,708541'),
    (768, 'Schiller', '256441,153789,369372'),
    (769, 'Cronin', '798308,382470,404889'),
    (770, 'Johnston', '857860,946466,70121'),
    (771, 'Leuschke', '726305,528925,325110'),
    (772, 'Gutmann', '246047,411638,504218'),
    (773, 'Ortiz', '139165,586468,474406'),
    (774, 'Walsh', '268250,712590,699267'),
    (775, 'Murray', '725258,717344,637775'),
    (776, 'Koepp', '266756,781288,545778'),
    (777, 'Barrows', '984115,382608,239588'),
    (778, 'Heaney', '23358,344053,878154'),
    (779, 'Bernhard', '913103,667531,634702'),
    (780, 'Kirlin', '286798,93883,363312'),
    (781, 'Schuster', '796882,39455,651590'),
    (782, 'Ortiz', '679382,445147,891197'),
    (783, 'Bogan', '683203,774010,693786'),
    (784, 'Connelly', '308692,608449,269454'),
    (785, 'Welch', '983147,296552,319060'),
    (786, 'Stracke', '172051,162926,645729'),
    (787, 'Schinner', '708313,405716,11122'),
    (788, 'Mills', '77889,249082,344081'),
    (789, 'Murray', '354033,816821,664790'),
    (790, 'Farrell', '129698,875804,349177'),
    (791, 'Lind', '491410,153870,658090'),
    (792, 'Friesen', '650266,737638,759999'),
    (793, 'Haag', '398078,689685,467038'),
    (794, 'Zboncak', '774823,499873,648903'),
    (795, 'Nader', '393726,856477,961659'),
    (796, 'Goodwin', '434026,290480,7830'),
    (797, 'Kerluke', '429929,62412,786483'),
    (798, 'Kulas', '943658,42153,815318'),
    (799, 'Breitenberg', '947375,780091,372028'),
    (800, 'Auer', '504836,396382,144846'),
    (801, 'Witting', '645716,706467,202641'),
    (802, 'Howell', '782043,353835,856551'),
    (803, 'Steuber', '167918,30834,833575'),
    (804, 'Goodwin', '914145,75510,104943'),
    (805, 'Douglas', '146041,223968,819418'),
    (806, 'McKenzie', '951154,268128,360996'),
    (807, 'Hermiston', '874366,359696,42871'),
    (808, 'Ziemann', '127846,630723,129122'),
    (809, 'Zieme', '711632,990983,627950'),
    (810, 'Rempel', '87839,619625,652078'),
    (811, 'Blanda', '205860,932323,323954'),
    (812, 'Veum', '208578,542098,193197'),
    (813, 'Swaniawski', '675149,171098,872140'),
    (814, 'Goyette', '576963,556991,19521'),
    (815, 'Hodkiewicz', '345472,846715,513838'),
    (816, 'Jones', '310964,861819,726314'),
    (817, 'Lind', '901711,836231,561588'),
    (818, 'Walker', '447560,377384,113092'),
    (819, 'Leffler', '571890,743323,381995'),
    (820, 'Auer', '944174,448170,147348'),
    (821, 'Hartmann', '166499,171005,319583'),
    (822, 'Will', '758582,848253,420380'),
    (823, 'Crist', '971463,250362,382087'),
    (824, 'Flatley', '105788,229732,765131'),
    (825, 'Heathcote', '206010,786758,11114'),
    (826, 'Hintz', '980509,270035,424306'),
    (827, 'Gulgowski', '58006,345725,708978'),
    (828, 'Skiles', '174997,690,433414'),
    (829, 'Treutel', '699367,181570,255848'),
    (830, 'Connelly', '542236,769566,778612'),
    (831, 'Becker', '415851,406948,951698'),
    (832, 'Donnelly', '995296,871968,420627'),
    (833, 'Heaney', '978192,37954,812821'),
    (834, 'Crona', '437056,775001,351758'),
    (835, 'Treutel', '746699,21818,898742'),
    (836, 'Jerde', '139276,586740,979644'),
    (837, 'Witting', '816947,484786,541756'),
    (838, 'Walsh', '973883,625172,801804'),
    (839, 'Kertzmann', '8146,957655,956495'),
    (840, 'Marvin', '318337,227108,302469'),
    (841, 'Denesik', '925097,366819,855447'),
    (842, 'Collins', '187869,275998,460245'),
    (843, 'Walsh', '829811,359384,393260'),
    (844, 'Lebsack', '870824,365755,914182'),
    (845, 'Simonis', '427304,980925,380251'),
    (846, 'Langosh', '330213,496409,368275'),
    (847, 'Herman', '236150,376378,149271'),
    (848, 'Kris', '818506,778196,578127'),
    (849, 'Leannon', '719348,712705,487760'),
    (850, 'Rutherford', '731293,842601,782905'),
    (851, 'Lindgren', '24541,617390,94407'),
    (852, 'Morar', '231913,281386,565619'),
    (853, 'Nitzsche', '43474,127385,146259'),
    (854, 'Hauck', '846857,791958,855824'),
    (855, 'Keebler', '998544,502426,900893'),
    (856, 'Schroeder', '126728,980844,105860'),
    (857, 'Bechtelar', '781257,873669,801070'),
    (858, 'Crona', '877994,141726,97817'),
    (859, 'McDermott', '198021,839301,485971'),
    (860, 'Ratke', '402003,753776,121108'),
    (861, 'Wilkinson', '810758,506879,435927'),
    (862, 'Pollich', '631937,240716,672733'),
    (863, 'Walter', '856880,59072,773912'),
    (864, 'Fay', '941708,971414,414222'),
    (865, 'Baumbach', '511530,42792,833242'),
    (866, 'Herzog', '480315,407501,764396'),
    (867, 'Turcotte', '29569,561557,139391'),
    (868, 'Adams', '305987,143003,26687'),
    (869, 'Frami', '381318,946129,732'),
    (870, 'Mraz', '544918,414739,419678'),
    (871, 'Lindgren', '200936,873679,301238'),
    (872, 'Schuppe', '367813,868949,642993'),
    (873, 'Farrell', '425080,442275,201292'),
    (874, 'Herzog', '920534,762864,474448'),
    (875, 'Jacobson', '742482,534179,661553'),
    (876, 'Bernier', '101325,665177,621403'),
    (877, 'Ratke', '32386,529144,847549'),
    (878, 'Ziemann', '970682,794373,498777'),
    (879, 'Boyer', '623113,292701,157308'),
    (880, 'Moen', '106263,945473,533935'),
    (881, 'Cronin', '918563,912784,582476'),
    (882, 'Stracke', '941710,667475,324234'),
    (883, 'Mosciski', '471681,597474,877366'),
    (884, 'Anderson', '753186,349297,439216'),
    (885, 'Leuschke', '252276,587360,786537'),
    (886, 'Smitham', '21401,647414,255924'),
    (887, 'Murray', '943497,104501,736098'),
    (888, 'Murazik', '605557,867812,296995'),
    (889, 'Schinner', '244,500934,151817'),
    (890, 'Dickens', '82702,757691,772167'),
    (891, 'Hickle', '204911,229096,523899'),
    (892, 'Hintz', '917006,488038,343606'),
    (893, 'Goodwin', '853485,621549,354360'),
    (894, 'Leannon', '158936,695267,139219'),
    (895, 'Goldner', '656861,951769,920213'),
    (896, 'Smitham', '931377,696401,12897'),
    (897, 'Mitchell', '300479,80358,10497'),
    (898, 'Funk', '197480,250676,453057'),
    (899, 'Kunde', '815192,421627,633758'),
    (900, 'Schiller', '123516,882715,713700'),
    (901, 'Klocko', '760894,462282,774348'),
    (902, 'Wyman', '513452,778091,638072'),
    (903, 'Haag', '361715,880667,531679'),
    (904, 'Christiansen', '837477,934957,433534'),
    (905, 'Lang', '216199,920030,72730'),
    (906, 'Smith', '477542,91354,76336'),
    (907, 'Mitchell', '168493,859775,703711'),
    (908, 'Rippin', '61509,346914,147635'),
    (909, 'Ryan', '238069,464754,76317'),
    (910, 'Koss', '922053,28890,90416'),
    (911, 'Ledner', '442285,705519,890537'),
    (912, 'Halvorson', '718996,322125,657106'),
    (913, 'Thompson', '988093,125250,576106'),
    (914, 'Doyle', '809985,877051,977918'),
    (915, 'Ortiz', '385946,171539,815515'),
    (916, '4r-Keefe', '74381,900763,243468'),
    (917, 'Armstrong', '733032,757533,892863'),
    (918, 'Hintz', '858641,964438,586455'),
    (919, 'Dibbert', '829614,550342,394364'),
    (920, 'Rutherford', '200817,759523,883813'),
    (921, 'Stamm', '202669,823475,749216'),
    (922, 'Weber', '770807,944150,964160'),
    (923, 'Hessel', '486836,406776,83150'),
    (924, 'Rohan', '213375,436739,448007'),
    (925, 'Littel', '462052,875735,583781'),
    (926, 'Willms', '429262,284383,21595'),
    (927, 'Bailey', '538794,388798,373871'),
    (928, 'Gerlach', '482687,205896,468724'),
    (929, 'Murazik', '287726,969147,451008'),
    (930, 'Fritsch', '151548,307209,243995'),
    (931, 'Schamberger', '793372,531846,885887'),
    (932, 'Klein', '881289,835940,973934'),
    (933, 'Huel', '102336,852842,309971'),
    (934, 'Hane', '175742,922350,417106'),
    (935, 'VonRueden', '801881,725561,397465'),
    (936, 'Homenick', '570279,704517,878330'),
    (937, 'Goyette', '938052,456727,462790'),
    (938, 'Frami', '985731,197102,389974'),
    (939, 'Crist', '631741,794898,168091'),
    (940, 'Treutel', '398495,569729,142366'),
    (941, 'Prosacco', '414863,980995,157309'),
    (942, 'Murphy', '895925,143643,450681'),
    (943, 'Hickle', '552041,532722,449024'),
    (944, 'Kautzer', '909743,861985,218603'),
    (945, 'Borer', '653516,604947,513813'),
    (946, 'Kassulke', '373151,729707,407144'),
    (947, 'Ullrich', '462869,155128,693340'),
    (948, 'Homenick', '754259,519690,519791'),
    (949, 'Feeney', '583195,694612,967146'),
    (950, 'McKenzie', '547208,248486,385015'),
    (951, 'Schimmel', '6046,97415,692186'),
    (952, 'Kling', '748078,963987,245099'),
    (953, 'Russel', '576296,79235,243900'),
    (954, 'Schimmel', '55917,717803,329703'),
    (955, 'Pfannerstill', '573851,252075,166977'),
    (956, 'Robel', '450302,69838,611116'),
    (957, 'Bartoletti', '12931,216871,842791'),
    (958, 'Emard', '894839,629319,541648'),
    (959, 'Jakubowski', '219933,719402,418517'),
    (960, 'Gorczany', '37521,954134,157156'),
    (961, 'Kuphal', '910028,923584,804547'),
    (962, 'Padberg', '275791,726243,176236'),
    (963, 'Streich', '364910,281990,15434'),
    (964, 'Grimes', '81509,644218,344108'),
    (965, 'Weber', '486298,659835,440079'),
    (966, 'Lemke', '121196,29968,874917'),
    (967, 'West', '537587,838869,573615'),
    (968, 'Hauck', '299286,53966,647636'),
    (969, 'Mraz', '94919,668095,830768'),
    (970, 'Legros', '265291,936091,756560'),
    (971, 'Grant', '40636,977399,850221'),
    (972, 'Moore', '613885,246514,323522'),
    (973, 'Mayer', '375295,482310,789438'),
    (974, 'Hodkiewicz', '514056,625949,377685'),
    (975, 'Thompson', '48668,857570,137438'),
    (976, 'Kertzmann', '152628,839722,566105'),
    (977, 'Hahn', '634354,395717,200215'),
    (978, 'Jerde', '813450,817390,670916'),
    (979, 'Lubowitz', '903275,153392,490571'),
    (980, 'Considine', '179746,262068,333092'),
    (981, 'Greenfelder', '515348,997901,961219'),
    (982, 'Schumm', '264528,269951,105660'),
    (983, 'Koss', '290410,950707,478050'),
    (984, 'Jaskolski', '798653,319640,134060'),
    (985, 'Douglas', '411294,539278,978495'),
    (986, 'Erdman', '46299,910107,762264'),
    (987, 'Lynch', '811393,239231,474410'),
    (988, 'Hessel', '135379,233889,700315'),
    (989, 'Schaefer', '524478,846364,921572'),
    (990, 'Crist', '878502,749129,46417'),
    (991, 'Hickle', '290057,731246,123004'),
    (992, 'Stracke', '339341,263196,751554'),
    (993, 'McDermott', '19333,289658,732502'),
    (994, 'Nikolaus', '283572,114924,244775'),
    (995, 'Moen', '235637,403316,5584'),
    (996, 'Bailey', '795540,744995,333591'),
    (997, 'Bednar', '250392,691450,883242'),
    (998, 'Wilderman', '398067,979332,322411'),
    (999, 'Ondricka', '492861,614092,928111');

    